-- 001_seed_core.sql
-- Источник данных: docs/db_data/automata_import_review.xlsx
-- Заполняет актуальную схему с расширенной формой торгового автомата

BEGIN;

SET search_path TO automata, public;

INSERT INTO roles (id, name) VALUES
    (1, 'Администратор'),
    (2, 'Оператор'),
    (3, 'Инженер')
ON CONFLICT (id) DO NOTHING;

INSERT INTO machine_statuses (id, name) VALUES
    (1, 'Рабочий'),
    (2, 'Не рабочий')
ON CONFLICT (id) DO NOTHING;

INSERT INTO machine_models (id, brand, model_name) VALUES
    (1, 'Bianchi', 'BVM 972'),
    (2, 'Necta', 'Kikko ES6'),
    (3, 'Necta', 'Kikko Max'),
    (4, 'Rheavendors', 'Luce E5'),
    (5, 'Unicum', 'Food Box'),
    (6, 'Unicum', 'Rosso')
ON CONFLICT (id) DO NOTHING;

INSERT INTO users (
    id, last_name, first_name, middle_name, email, phone, password_hash, role_id, created_at
) VALUES
    ('702076df-6488-46ba-b07c-faf826bea3b5', 'Александров', 'Стоян', 'Алексеевич', 'leonti_1971@example.com', '8 (019) 101-95-72', '$2b$12$jS0q5S6d2QpQkF3mWcE.8e1QY7wzjKJ8LQ6s36D5aUZ3eE9x2A8aC', 1, '2025-01-01 09:00:00+00'),
    ('8b3785df-b3fc-43e6-a8f6-221b584960de', 'Баранов', 'Ефим', 'Фокич', 'noskovnikifor@example.com', '+7 (252) 454-63-04', '$2b$12$jS0q5S6d2QpQkF3mWcE.8e1QY7wzjKJ8LQ6s36D5aUZ3eE9x2A8aC', 2, '2025-01-02 09:00:00+00'),
    ('62c8a8ea-a46a-4995-8794-3f649089315a', 'Белов', 'Ян', 'Фадеевич', 'burovvsevolod@example.net', '+7 140 463 65 52', '$2b$12$jS0q5S6d2QpQkF3mWcE.8e1QY7wzjKJ8LQ6s36D5aUZ3eE9x2A8aC', 2, '2025-01-03 09:00:00+00'),
    ('4c945c54-ac77-4334-bf64-cc5ccc7a6ed2', 'Жданов', 'Будимир', 'Харламович', 'visheslav82@example.org', '8 (306) 825-6208', '$2b$12$jS0q5S6d2QpQkF3mWcE.8e1QY7wzjKJ8LQ6s36D5aUZ3eE9x2A8aC', 2, '2025-01-04 09:00:00+00'),
    ('108519e5-d8b4-419a-ac60-4bedecc9e204', 'Исаков', 'Варлаам', 'Викентьевич', 'gleb_1990@example.com', '+77443080370', '$2b$12$jS0q5S6d2QpQkF3mWcE.8e1QY7wzjKJ8LQ6s36D5aUZ3eE9x2A8aC', 2, '2025-01-05 09:00:00+00'),
    ('379cd69b-c8c0-453c-b81b-a0dcf6e4c87c', 'Медведев', 'Софрон', 'Ерофеевич', 'kir1994@example.org', '8 451 035 57 18', '$2b$12$jS0q5S6d2QpQkF3mWcE.8e1QY7wzjKJ8LQ6s36D5aUZ3eE9x2A8aC', 2, '2025-01-06 09:00:00+00'),
    ('f9e38a01-137d-454e-93fe-6a736fcb06e5', 'Прохорова', 'Элеонора', 'Егоровна', 'ivanovgrigori@example.net', '8 391 759 25 55', '$2b$12$jS0q5S6d2QpQkF3mWcE.8e1QY7wzjKJ8LQ6s36D5aUZ3eE9x2A8aC', 2, '2025-01-07 09:00:00+00'),
    ('20b7e4c6-0cba-4eb4-afa9-4d3a6a8d34c6', 'Родионов', 'Герман', 'Трофимович', 'ladislav1994@example.com', '8 (524) 644-9886', '$2b$12$jS0q5S6d2QpQkF3mWcE.8e1QY7wzjKJ8LQ6s36D5aUZ3eE9x2A8aC', 2, '2025-01-08 09:00:00+00'),
    ('ae13a1b0-0be5-460e-a362-638f935f1d75', 'Тетерина', 'Надежда', 'Федоровна', 'spartak1991@example.org', '+7 192 222 6547', '$2b$12$jS0q5S6d2QpQkF3mWcE.8e1QY7wzjKJ8LQ6s36D5aUZ3eE9x2A8aC', 2, '2025-01-09 09:00:00+00'),
    ('0eb6302f-7bdc-51bc-ac44-802f16e11781', 'Воробьева', 'Таисия', 'Альбертовна', 'taisiya.vorobeva@automata.local', NULL, '$2b$12$jS0q5S6d2QpQkF3mWcE.8e1QY7wzjKJ8LQ6s36D5aUZ3eE9x2A8aC', 3, '2025-02-11 09:00:00+00'),
    ('11766cbe-1946-5684-b9a2-e7278fad9f16', 'Жуков', 'Милий', 'Григорьевич', 'miliy.zhukov@automata.local', NULL, '$2b$12$jS0q5S6d2QpQkF3mWcE.8e1QY7wzjKJ8LQ6s36D5aUZ3eE9x2A8aC', 3, '2025-02-12 09:00:00+00'),
    ('6b0066b9-da14-5e99-8ec7-1ebff3d56c11', 'Никонова', 'Олимпиада', 'Леонидовна', 'olimpiada.nikonova@automata.local', NULL, '$2b$12$jS0q5S6d2QpQkF3mWcE.8e1QY7wzjKJ8LQ6s36D5aUZ3eE9x2A8aC', 3, '2025-02-13 09:00:00+00'),
    ('415d52a4-6131-52d7-bd2b-3f269849ed06', 'Новиков', 'Ипполит', 'Власович', 'ippolit.novikov@automata.local', NULL, '$2b$12$jS0q5S6d2QpQkF3mWcE.8e1QY7wzjKJ8LQ6s36D5aUZ3eE9x2A8aC', 3, '2025-02-14 09:00:00+00'),
    ('e562fc3a-3d11-5023-a401-b9937ec06a64', 'Силин', 'Эрнст', 'Георгиевич', 'ernst.silin@automata.local', NULL, '$2b$12$jS0q5S6d2QpQkF3mWcE.8e1QY7wzjKJ8LQ6s36D5aUZ3eE9x2A8aC', 3, '2025-02-15 09:00:00+00'),
    ('61eb4465-a66b-53c2-9e30-8221c7f83316', 'Степанова', 'Марфа', 'Юльевна', 'marfa.stepanova@automata.local', NULL, '$2b$12$jS0q5S6d2QpQkF3mWcE.8e1QY7wzjKJ8LQ6s36D5aUZ3eE9x2A8aC', 3, '2025-02-16 09:00:00+00'),
    ('01f0b7d3-9b64-49d0-b63e-9190d736d091', 'Тимофеева', 'Наталья', 'Николаевна', 'leonid_53@example.com', '8 (090) 299-0930', '$2b$12$jS0q5S6d2QpQkF3mWcE.8e1QY7wzjKJ8LQ6s36D5aUZ3eE9x2A8aC', 3, '2025-01-10 09:00:00+00')
ON CONFLICT (id) DO NOTHING;

INSERT INTO companies (
    id,
    parent_company_id,
    name,
    contact_person,
    phone,
    email,
    address,
    notes,
    created_at
) VALUES
    (
        'f10cdb51-3578-4c74-ad88-a40d219f62f1',
        NULL,
        'ООО Торговые Автоматы',
        'Игорь Мельников',
        '+7 (495) 123-45-67',
        'office@automata.local',
        'г. Москва, ул. Примерная, д. 15',
        'Головная организация',
        '2025-01-01 08:00:00+00'
    ),
    (
        '63867d8f-9564-4af9-b4fe-cff21f71be2e',
        'f10cdb51-3578-4c74-ad88-a40d219f62f1',
        'БЦ Север',
        'Алексей Романов',
        '+7 (812) 555-40-10',
        'north@automata.local',
        'г. Санкт-Петербург, пр. Невский, д. 70',
        NULL,
        '2025-01-08 08:00:00+00'
    ),
    (
        '4d0af2ff-9e1f-43df-9647-04fac34cb307',
        'f10cdb51-3578-4c74-ad88-a40d219f62f1',
        'ТРК Восток',
        'Марина Власова',
        '+7 (343) 555-77-20',
        'east@automata.local',
        'г. Екатеринбург, ул. Ленина, д. 102',
        'Торговые площадки и фудкорт',
        '2025-01-15 08:00:00+00'
    )
ON CONFLICT (id) DO NOTHING;

INSERT INTO modems (id, modem_number, description, is_active) VALUES
    (1, '1824100027', '4G модем основной линии', TRUE),
    (2, '1824100031', 'GSM модем резервной линии', TRUE),
    (3, '1824100042', 'Тестовый модем', FALSE)
ON CONFLICT (id) DO NOTHING;

INSERT INTO product_matrices (id, name) VALUES
    (1, 'Не установлена'),
    (2, 'Bianchi BVM 972'),
    (3, 'Necta Kikko')
ON CONFLICT (id) DO NOTHING;

INSERT INTO critical_value_templates (id, name) VALUES
    (1, 'Не установлен'),
    (2, 'Стандартный'),
    (3, 'Агрессивный')
ON CONFLICT (id) DO NOTHING;

INSERT INTO notification_templates (id, name) VALUES
    (1, 'Не установлен'),
    (2, 'Стандартный'),
    (3, 'Расширенный')
ON CONFLICT (id) DO NOTHING;

INSERT INTO vending_machines (
    id,
    name,
    location,
    machine_model_id,
    slave_machine_model_id,
    status_id,
    installed_at,
    last_service_at,
    total_income,
    address,
    place,
    coordinates,
    machine_number,
    operating_mode,
    working_hours,
    time_zone,
    notes,
    kit_online_cashbox_id,
    service_priority,
    supports_coin_acceptor,
    supports_bill_acceptor,
    supports_cashless_module,
    supports_qr_payments,
    service_rfid_cards,
    collection_rfid_cards,
    loading_rfid_cards,
    manager_user_id,
    engineer_user_id,
    technician_operator_user_id,
    client_name,
    modem_id,
    product_matrix_id,
    critical_value_template_id,
    notification_template_id
) VALUES
    ('dc92a945-80cf-4c86-8927-97026c6e82da', 'Офис Газпром', 'с. Бийск, ш. Астраханское, д. 22 к. 5, 022400 (У входа)', 4, NULL, 1, '2023-06-02', '2024-06-02', 13389.38, 'с. Бийск, ш. Астраханское, д. 22 к. 5, 022400', 'У входа', NULL, '620531', 'Стандартный', '08:00-22:00', 'UTC +3', NULL, NULL, 'Средний', TRUE, TRUE, TRUE, FALSE, NULL, NULL, NULL, '702076df-6488-46ba-b07c-faf826bea3b5', '0eb6302f-7bdc-51bc-ac44-802f16e11781', '8b3785df-b3fc-43e6-a8f6-221b584960de', 'Не задан', 1, 2, 2, 2),
    ('7ed68dd4-ef8b-4124-9084-bc16ee8f10d3', 'БЦ Арма', 'п. Токсово, пр. Мостовой, д. 7 стр. 668, 578638 (У входа)', 6, NULL, 2, '2023-05-31', '2025-03-19', 19713.49, 'п. Токсово, пр. Мостовой, д. 7 стр. 668, 578638', 'У входа', NULL, '620532', 'Стандартный', '07:00-23:00', 'UTC +3', NULL, NULL, 'Средний', TRUE, TRUE, TRUE, TRUE, NULL, NULL, NULL, '702076df-6488-46ba-b07c-faf826bea3b5', '11766cbe-1946-5684-b9a2-e7278fad9f16', '62c8a8ea-a46a-4995-8794-3f649089315a', 'Не задан', 2, 1, 2, 3),
    ('0a9a91bf-0fcc-44ac-b3c2-88a33411413a', 'Вокзал', 'г. Карабулак, наб. Трудовая, д. 4 к. 15, 495584 (Офис)', 1, NULL, 1, '2024-09-11', '2025-03-30', 20416.26, 'г. Карабулак, наб. Трудовая, д. 4 к. 15, 495584', 'Офис', NULL, '620533', 'Стандартный', '07:00-23:00', 'UTC +3', NULL, NULL, 'Средний', TRUE, TRUE, TRUE, TRUE, NULL, NULL, NULL, '702076df-6488-46ba-b07c-faf826bea3b5', '6b0066b9-da14-5e99-8ec7-1ebff3d56c11', '379cd69b-c8c0-453c-b81b-a0dcf6e4c87c', 'Не задан', 1, 2, 2, 2),
    ('89c05e76-6b7e-4d72-b97c-62ecb96b1370', 'Фитнес-клуб Атлетика', 'клх Чебоксары, ул. Чайкиной, д. 63, 919017 (Офис)', 1, NULL, 1, '2023-06-11', '2025-03-27', 5639.84, 'клх Чебоксары, ул. Чайкиной, д. 63, 919017', 'Офис', NULL, '620534', 'Стандартный', '08:00-22:00', 'UTC +3', NULL, NULL, 'Средний', TRUE, TRUE, FALSE, TRUE, NULL, NULL, NULL, '702076df-6488-46ba-b07c-faf826bea3b5', '415d52a4-6131-52d7-bd2b-3f269849ed06', '20b7e4c6-0cba-4eb4-afa9-4d3a6a8d34c6', 'Не задан', 1, 3, 2, 2),
    ('53e2ec2e-d407-4e9a-a1d9-5a9501e81ede', 'МФЦ', 'д. Верхний Уфалей, наб. Белинского, д. 6 стр. 6, 518880 (Холл)', 1, NULL, 1, '2024-01-05', '2024-04-29', 5729.00, 'д. Верхний Уфалей, наб. Белинского, д. 6 стр. 6, 518880', 'Холл', NULL, '620535', 'Стандартный', '08:00-21:00', 'UTC +3', NULL, NULL, 'Средний', TRUE, TRUE, FALSE, FALSE, NULL, NULL, NULL, '702076df-6488-46ba-b07c-faf826bea3b5', 'e562fc3a-3d11-5023-a401-b9937ec06a64', 'ae13a1b0-0be5-460e-a362-638f935f1d75', 'Не задан', 3, 1, 1, 1),
    ('e1d62e6a-5427-4dda-8209-bb584bfbc9e5', 'БЦ Центральный', 'г. Аша, пр. Кольцевой, д. 26 стр. 7, 571343 (У входа)', 6, NULL, 2, '2025-02-24', '2024-12-25', 31753.40, 'г. Аша, пр. Кольцевой, д. 26 стр. 7, 571343', 'У входа', NULL, '620536', 'Стандартный', '07:00-23:00', 'UTC +3', NULL, NULL, 'Средний', TRUE, TRUE, TRUE, TRUE, NULL, NULL, NULL, '702076df-6488-46ba-b07c-faf826bea3b5', '61eb4465-a66b-53c2-9e30-8221c7f83316', '108519e5-d8b4-419a-ac60-4bedecc9e204', 'Не задан', 2, 2, 2, 3),
    ('166c8a3f-a211-4d25-b2d4-a5b0b5f067d5', 'Офис Газпром', 'клх Быково (метеост.), пер. Каштановый, д. 1/6 к. 579, 035670 (Холл)', 2, NULL, 1, '2023-05-25', '2025-03-07', 28231.50, 'клх Быково (метеост.), пер. Каштановый, д. 1/6 к. 579, 035670', 'Холл', NULL, '620537', 'Стандартный', '08:00-22:00', 'UTC +3', NULL, NULL, 'Средний', TRUE, TRUE, TRUE, FALSE, NULL, NULL, NULL, '702076df-6488-46ba-b07c-faf826bea3b5', '0eb6302f-7bdc-51bc-ac44-802f16e11781', 'f9e38a01-137d-454e-93fe-6a736fcb06e5', 'Не задан', 1, 3, 2, 2),
    ('4daae871-71ac-44da-8b58-dcf1a2ae907a', 'Поликлиника №7', 'клх Курчатов, ш. Школьное, д. 954, 494797 (Главный вход)', 4, NULL, 2, '2024-06-02', '2024-08-01', 8447.97, 'клх Курчатов, ш. Школьное, д. 954, 494797', 'Главный вход', NULL, '620538', 'Стандартный', '08:00-20:00', 'UTC +3', NULL, NULL, 'Средний', TRUE, TRUE, FALSE, TRUE, NULL, NULL, NULL, '702076df-6488-46ba-b07c-faf826bea3b5', '11766cbe-1946-5684-b9a2-e7278fad9f16', '4c945c54-ac77-4334-bf64-cc5ccc7a6ed2', 'Не задан', 2, 1, 2, 1),
    ('a977e322-192c-4567-9f5f-36f504bfc13d', 'Аэропорт', 'д. Осташков, ш. Мелиоративное, д. 458 к. 532, 407622 (У входа)', 3, NULL, 1, '2024-09-25', '2024-09-12', 20319.68, 'д. Осташков, ш. Мелиоративное, д. 458 к. 532, 407622', 'У входа', NULL, '620539', 'Стандартный', '00:00-23:59', 'UTC +3', NULL, NULL, 'Высокий', TRUE, TRUE, TRUE, TRUE, NULL, NULL, NULL, '702076df-6488-46ba-b07c-faf826bea3b5', '6b0066b9-da14-5e99-8ec7-1ebff3d56c11', '379cd69b-c8c0-453c-b81b-a0dcf6e4c87c', 'Не задан', 1, 2, 2, 3),
    ('70f22c9f-de0a-41a9-9a53-cabf42688d47', 'БЦ Арма', 'к. Гусь-Хрустальный, ш. З.Космодемьянской, д. 136 к. 4, 011188 (У входа)', 5, NULL, 1, '2023-07-26', '2024-08-24', 22529.01, 'к. Гусь-Хрустальный, ш. З.Космодемьянской, д. 136 к. 4, 011188', 'У входа', NULL, '620540', 'Стандартный', '08:00-22:00', 'UTC +3', NULL, NULL, 'Средний', TRUE, TRUE, TRUE, TRUE, NULL, NULL, NULL, '702076df-6488-46ba-b07c-faf826bea3b5', '61eb4465-a66b-53c2-9e30-8221c7f83316', '20b7e4c6-0cba-4eb4-afa9-4d3a6a8d34c6', 'Не задан', 2, 3, 2, 2)
ON CONFLICT (id) DO NOTHING;

INSERT INTO products (
    id, machine_id, name, description, price, quantity, min_stock, avg_daily_sales
) VALUES
    ('224cdcde-36ee-45da-9ae5-2588df8f96fb', 'dc92a945-80cf-4c86-8927-97026c6e82da', 'Грушевый латте', 'Имеет мягкий вкус с лёгкой фруктовой сладостью.', 68.57, 33, 20, 7.37),
    ('6392ebd8-2359-40df-a4f8-fb02fc2932d2', 'dc92a945-80cf-4c86-8927-97026c6e82da', 'Персиковый американо', 'Имеет фруктовый вкус с нежным ароматом персика.', 175.44, 72, 18, 4.92),
    ('514fef90-eb36-454f-968c-a02b1dbcf7d8', 'dc92a945-80cf-4c86-8927-97026c6e82da', 'Облепиховый латте', 'Имеет кисло-сладкий вкус с ягодным акцентом.', 81.20, 66, 5, 7.20),
    ('c3737840-6332-4bc6-b5bc-80f92f074f58', 'dc92a945-80cf-4c86-8927-97026c6e82da', 'Кремовый латте', 'Имеет мягкий, сливочный вкус.', 124.51, 49, 6, 4.13),
    ('d27ea808-ee98-4fd0-b867-b5a4a0576c68', 'dc92a945-80cf-4c86-8927-97026c6e82da', 'Карамельный макиато', 'Имеет вкус с нотками тёплой карамели.', 162.23, 28, 13, 7.08),
    ('69b065b6-8e39-44ba-b3a1-f5ca5cf01d57', '7ed68dd4-ef8b-4124-9084-bc16ee8f10d3', 'Крем-брюле латте', 'Имеет сливочно-карамельный вкус десерта.', 63.99, 74, 11, 6.94),
    ('5144585b-9434-4fc9-89bf-b88784ea791d', '7ed68dd4-ef8b-4124-9084-bc16ee8f10d3', 'Пряный латте', 'Имеет яркий вкус с добавлением специй.', 70.10, 47, 12, 1.87),
    ('db33e8df-278c-472c-a45a-c3ddb7374b3a', '7ed68dd4-ef8b-4124-9084-bc16ee8f10d3', 'Тростниковый американо', 'Имеет вкус с сахарной сладостью.', 72.23, 26, 19, 2.42),
    ('50c6dd4f-70f2-4ec1-a80c-0fc0069f08c2', '7ed68dd4-ef8b-4124-9084-bc16ee8f10d3', 'Двойной эспрессо', 'Имеет крепкий и насыщенный вкус кофе.', 192.14, 48, 7, 3.25),
    ('8aba3e58-49f7-44f0-9f7b-f8ad1cd570dc', '0a9a91bf-0fcc-44ac-b3c2-88a33411413a', 'Мятный раф', 'Имеет освежающий вкус с мятным ароматом.', 195.03, 47, 20, 1.50),
    ('8b889b5b-7567-45fa-97c9-09e56237d033', '0a9a91bf-0fcc-44ac-b3c2-88a33411413a', 'Цитрусовый эспрессо', 'Имеет освежающий вкус с цитрусовой кислинкой.', 175.75, 83, 18, 8.94),
    ('341529cf-dffb-4813-9c77-76f39f4445c7', '0a9a91bf-0fcc-44ac-b3c2-88a33411413a', 'Бодрящий эспрессо', 'Имеет яркий и насыщенный вкус для энергии.', 181.49, 93, 18, 1.13),
    ('64ad7e60-59c1-4a36-9e09-4f0038143720', '0a9a91bf-0fcc-44ac-b3c2-88a33411413a', 'Эспрессо с лаймом', 'Имеет кисло-свежий вкус с лаймовыми нотками.', 166.78, 76, 6, 7.81),
    ('e9aa2886-0ba0-4b7a-96dc-078855f99872', '89c05e76-6b7e-4d72-b97c-62ecb96b1370', 'Медовый раф', 'Имеет натуральный вкус с мёдовой сладостью.', 139.55, 79, 17, 8.87),
    ('2d79e75e-c6b8-4138-8c0c-403325bf6944', '89c05e76-6b7e-4d72-b97c-62ecb96b1370', 'Молочный капучино', 'Имеет мягкий и сливочный вкус.', 93.59, 11, 14, 1.89),
    ('8a12f87f-7b45-4a03-bc7a-69e5fbccbc5a', '89c05e76-6b7e-4d72-b97c-62ecb96b1370', 'Терпкий капучино', 'Имеет насыщенный вкус с яркой кислинкой.', 81.74, 72, 15, 3.60),
    ('afeeb9f2-2b7c-45c9-a063-b4a0d44dbb48', '89c05e76-6b7e-4d72-b97c-62ecb96b1370', 'Кофе с маршмеллоу', 'Имеет сладкий вкус с нотками ванили и маршмеллоу.', 157.89, 43, 5, 2.93),
    ('e4cb82db-3355-4fef-b410-fab99949cb04', '89c05e76-6b7e-4d72-b97c-62ecb96b1370', 'Черничный латте', 'Имеет ягодно-фруктовый вкус с черничной кислинкой.', 37.40, 88, 5, 8.39),
    ('5f1e4f5c-553b-4053-a26e-ed899ccfa7e0', '53e2ec2e-d407-4e9a-a1d9-5a9501e81ede', 'Кофе с коньяком', 'Имеет глубокий вкус с алкогольной нотой.', 89.18, 48, 9, 5.52),
    ('1dd986b1-4f40-4db2-9dfe-5c1565cfd754', '53e2ec2e-d407-4e9a-a1d9-5a9501e81ede', 'Ореховый американо', 'Имеет мягкий кофейный вкус с ореховым послевкусием.', 143.78, 89, 13, 8.90),
    ('396555b4-40d3-4917-9af1-2f43ba499d89', '53e2ec2e-d407-4e9a-a1d9-5a9501e81ede', 'Кофе с розмарином', 'Имеет пряный вкус с лёгкой горчинкой розмарина.', 32.43, 39, 14, 4.94),
    ('bb2999ed-c6ae-4172-9343-60b1d1b7bd1f', '53e2ec2e-d407-4e9a-a1d9-5a9501e81ede', 'Тыквенный спайс латте', 'Имеет вкус с ароматом тыквы и специй.', 155.87, 14, 17, 3.25),
    ('eda4394b-d645-4d19-9117-ffb79eeb3669', '53e2ec2e-d407-4e9a-a1d9-5a9501e81ede', 'Классический эспрессо', 'Имеет традиционный сбалансированный вкус кофе.', 111.73, 81, 5, 2.07),
    ('1570c922-d706-46a4-bc41-329483be4822', 'e1d62e6a-5427-4dda-8209-bb584bfbc9e5', 'Кленовый флет уайт', 'Имеет сладкий вкус с ароматом кленового сиропа.', 170.08, 96, 7, 5.16),
    ('2efef2da-8a8c-4d2f-bfea-0816d6b67303', 'e1d62e6a-5427-4dda-8209-bb584bfbc9e5', 'Фундуковый мокко', 'Имеет вкус с ароматом жареного фундука.', 199.83, 92, 9, 8.03),
    ('5da14b84-a68f-488d-9e1e-e1ca615fb0d8', 'e1d62e6a-5427-4dda-8209-bb584bfbc9e5', 'Кофе с карамелью', 'Имеет мягкий сладкий вкус карамели.', 172.86, 10, 13, 7.87),
    ('acdfa29d-f642-4ba7-939a-0c8262ff7c41', 'e1d62e6a-5427-4dda-8209-bb584bfbc9e5', 'Шоколадный капучино', 'Имеет глубокий вкус с шоколадным оттенком.', 49.53, 87, 14, 5.30),
    ('65c81bfc-a283-4a14-a8f7-60800963d5b7', 'e1d62e6a-5427-4dda-8209-bb584bfbc9e5', 'Кофе на овсяном молоке', 'Имеет вкус с молочной основой и лёгким ореховым оттенком.', 123.66, 79, 12, 7.68),
    ('a90eaff4-e8bd-400f-a4b9-63cc6e0bcb54', 'e1d62e6a-5427-4dda-8209-bb584bfbc9e5', 'Арахисовый мокко', 'Имеет вкус с насыщенными нотками арахиса.', 134.51, 41, 8, 8.45),
    ('075ac323-7649-44e8-bbff-60cbda965c47', '166c8a3f-a211-4d25-b2d4-a5b0b5f067d5', 'Фисташковый мокко', 'Имеет ореховый оттенок с нежной фисташковой ноткой.', 133.40, 81, 18, 5.55),
    ('e7cf5f27-b23e-484a-8a9f-6dc67503a89a', '166c8a3f-a211-4d25-b2d4-a5b0b5f067d5', 'Лавандовый раф', 'Имеет мягкий цветочный аромат с лёгкими нотами лаванды.', 175.68, 58, 12, 7.81),
    ('f015385b-be00-4ec9-acbf-2fcf38b9d7fd', '166c8a3f-a211-4d25-b2d4-a5b0b5f067d5', 'Французский ванильный латте', 'Имеет нежный вкус с ароматом ванили.', 154.46, 73, 12, 9.28),
    ('3dd6269e-af5b-451b-bd3b-552b73c1751d', '166c8a3f-a211-4d25-b2d4-a5b0b5f067d5', 'Мятно-шоколадный макиато', 'Имеет глубокий вкус с шоколадным оттенком.', 69.03, 29, 5, 9.02),
    ('31995494-84d0-4cc8-8765-df869685e234', '166c8a3f-a211-4d25-b2d4-a5b0b5f067d5', 'Ромовый флет уайт', 'Имеет сладкий вкус с лёгкой алкогольной ноткой рома.', 75.77, 96, 17, 7.98),
    ('ad2493e7-e1b8-4811-bd6c-5e38edeb0f99', '166c8a3f-a211-4d25-b2d4-a5b0b5f067d5', 'Банановый капучино', 'Имеет сладкий вкус с банановыми нотками.', 190.44, 88, 12, 4.59),
    ('f3dc17fc-f9fe-4beb-93f4-a27a02adb152', '4daae871-71ac-44da-8b58-dcf1a2ae907a', 'Раф с халвой', 'Имеет вкус с орехово-сладкой ноткой халвы.', 121.71, 69, 15, 5.76),
    ('fa4180fd-2756-4f01-aaa0-aa051c939b1a', '4daae871-71ac-44da-8b58-dcf1a2ae907a', 'Медово-имбирный макиато', 'Имеет острый, бодрящий вкус с имбирным оттенком.', 107.50, 13, 17, 2.90),
    ('121d56e4-dc5b-43c3-8658-d1a00f8cbf76', '4daae871-71ac-44da-8b58-dcf1a2ae907a', 'Карамельно-соленый мокко', 'Имеет необычный вкус с оттенком морской соли.', 45.53, 92, 8, 8.15),
    ('b4f5fdc1-498b-4830-bb04-c3625a94d146', '4daae871-71ac-44da-8b58-dcf1a2ae907a', 'Ванильный флет уайт', 'Имеет нежный вкус с ароматом ванили.', 179.30, 49, 18, 7.56),
    ('836b11ff-ec22-4433-8f72-11ce31d21bd7', 'a977e322-192c-4567-9f5f-36f504bfc13d', 'Ирисовый латте', 'Имеет сладкий вкус с карамельными нотками ириса.', 150.16, 78, 17, 7.23),
    ('e8c1eb57-f3f2-48ad-b65f-b3cb39617849', 'a977e322-192c-4567-9f5f-36f504bfc13d', 'Кофе по-венски', 'Имеет классический вкус с взбитыми сливками.', 181.28, 95, 20, 8.69),
    ('3f9de4b4-8188-4bd9-8a98-55c4b27af3a9', 'a977e322-192c-4567-9f5f-36f504bfc13d', 'Кофе с корицей', 'Ароматный кофейный напиток с уникальным вкусом.', 79.48, 54, 13, 3.37),
    ('f6ffc6f0-c513-449c-bcc7-66505087e4f6', 'a977e322-192c-4567-9f5f-36f504bfc13d', 'Кокосовый капучино', 'Имеет экзотический вкус с кокосовой сладостью.', 32.59, 10, 7, 4.24),
    ('140d8dfd-14d6-46bd-a8a0-845d54d3df3e', '70f22c9f-de0a-41a9-9a53-cabf42688d47', 'Ягодный мокко', 'Имеет фруктовый оттенок с кисло-сладким вкусом ягод.', 95.79, 59, 16, 1.94),
    ('2c90df73-2310-4499-bd86-701ee38b0974', '70f22c9f-de0a-41a9-9a53-cabf42688d47', 'Миндальный латте', 'Имеет вкус с нотками сладкого миндаля.', 49.13, 41, 18, 7.03),
    ('4b5016ea-81a5-4ba4-97c2-5ff98123bac3', '70f22c9f-de0a-41a9-9a53-cabf42688d47', 'Имбирный кофе', 'Имеет острый, бодрящий вкус с имбирным оттенком.', 81.68, 26, 7, 7.39),
    ('069d1026-82b5-4365-8481-1b38fe50307c', '70f22c9f-de0a-41a9-9a53-cabf42688d47', 'Трюфельный макиато', 'Имеет интенсивный вкус с нотками шоколадного трюфеля.', 105.20, 29, 7, 1.14),
    ('9c11131a-5957-42d6-bbac-a20f9bc18418', '70f22c9f-de0a-41a9-9a53-cabf42688d47', 'Шафрановый раф', 'Имеет изысканный вкус с восточными нотками шафрана.', 131.32, 11, 16, 3.69),
    ('cca932b0-81f0-45a1-9af7-8fe57aa1873e', '70f22c9f-de0a-41a9-9a53-cabf42688d47', 'Грушевый латте +', 'Имеет мягкий вкус с лёгкой фруктовой сладостью.', 161.27, 72, 17, 9.48)
ON CONFLICT (id) DO NOTHING;

INSERT INTO sales (
    id, machine_id, product_id, quantity, sale_amount, sale_datetime, payment_method
) VALUES
    ('5a111d89-a8dc-569d-8deb-bef08dd08fc2', 'e1d62e6a-5427-4dda-8209-bb584bfbc9e5', 'a90eaff4-e8bd-400f-a4b9-63cc6e0bcb54', 5, 672.55, '2024-11-27 14:47:37+00', 'Наличные'),
    ('b18d81ae-4a7f-5803-83d1-78788fe66ab2', '4daae871-71ac-44da-8b58-dcf1a2ae907a', 'f3dc17fc-f9fe-4beb-93f4-a27a02adb152', 5, 608.55, '2025-01-16 04:40:42+00', 'QR-код'),
    ('c7bf00bf-a180-5306-ab67-c5ec46bb0f80', '89c05e76-6b7e-4d72-b97c-62ecb96b1370', 'e9aa2886-0ba0-4b7a-96dc-078855f99872', 2, 279.10, '2025-01-13 06:51:25+00', 'Наличные'),
    ('fbff5376-6404-5855-92ed-7ce0099d0de6', '7ed68dd4-ef8b-4124-9084-bc16ee8f10d3', '50c6dd4f-70f2-4ec1-a80c-0fc0069f08c2', 1, 192.14, '2025-01-21 09:47:54+00', 'Карта'),
    ('f54470fe-4e3f-5d38-9bb1-08fc56b42f1a', '166c8a3f-a211-4d25-b2d4-a5b0b5f067d5', 'e7cf5f27-b23e-484a-8a9f-6dc67503a89a', 2, 351.36, '2025-02-02 16:49:46+00', 'Наличные'),
    ('14261401-efe5-5636-9263-3ccd5ccfc935', 'e1d62e6a-5427-4dda-8209-bb584bfbc9e5', 'acdfa29d-f642-4ba7-939a-0c8262ff7c41', 2, 99.06, '2024-04-30 14:21:42+00', 'QR-код'),
    ('f5f101ac-44f2-5cd7-9d8d-41291939dcdd', '70f22c9f-de0a-41a9-9a53-cabf42688d47', '4b5016ea-81a5-4ba4-97c2-5ff98123bac3', 2, 163.36, '2024-10-27 10:25:01+00', 'Карта'),
    ('15ac01c7-f766-5397-bd3e-c4552b46e85a', 'e1d62e6a-5427-4dda-8209-bb584bfbc9e5', 'a90eaff4-e8bd-400f-a4b9-63cc6e0bcb54', 3, 403.53, '2024-12-18 13:27:48+00', 'Карта'),
    ('ebacd616-b67b-5afc-b956-e9a157b92f0a', '166c8a3f-a211-4d25-b2d4-a5b0b5f067d5', '31995494-84d0-4cc8-8765-df869685e234', 4, 303.08, '2024-04-27 01:39:03+00', 'Карта'),
    ('3b85c8ad-e3db-5105-bf00-957176309c4e', '70f22c9f-de0a-41a9-9a53-cabf42688d47', 'cca932b0-81f0-45a1-9af7-8fe57aa1873e', 4, 645.08, '2024-08-23 06:36:30+00', 'QR-код'),
    ('bc0dd883-9509-5905-8839-ce0e67e939a8', 'a977e322-192c-4567-9f5f-36f504bfc13d', '836b11ff-ec22-4433-8f72-11ce31d21bd7', 1, 150.16, '2025-03-10 21:09:02+00', 'Наличные'),
    ('d63cb185-bdc7-5b3c-801f-5e817a3f287d', 'a977e322-192c-4567-9f5f-36f504bfc13d', '3f9de4b4-8188-4bd9-8a98-55c4b27af3a9', 2, 158.96, '2024-09-09 05:06:19+00', 'QR-код'),
    ('5e1145a7-8024-586e-bd49-f57a325c5dfe', '53e2ec2e-d407-4e9a-a1d9-5a9501e81ede', 'bb2999ed-c6ae-4172-9343-60b1d1b7bd1f', 4, 623.48, '2024-08-06 20:10:59+00', 'QR-код'),
    ('5c58c22e-ca67-5460-b730-a122f33ab90e', 'dc92a945-80cf-4c86-8927-97026c6e82da', '514fef90-eb36-454f-968c-a02b1dbcf7d8', 1, 81.20, '2024-11-26 13:50:48+00', 'Наличные'),
    ('f49fdac3-618f-545a-b3ff-734ffa04c006', '53e2ec2e-d407-4e9a-a1d9-5a9501e81ede', 'bb2999ed-c6ae-4172-9343-60b1d1b7bd1f', 3, 467.61, '2024-11-10 22:26:34+00', 'QR-код'),
    ('25c6803a-4f57-5002-80d7-04955e244e54', '166c8a3f-a211-4d25-b2d4-a5b0b5f067d5', '31995494-84d0-4cc8-8765-df869685e234', 3, 227.31, '2024-07-28 18:30:49+00', 'Наличные'),
    ('c5eae2bc-4d81-5907-9998-2f886c838664', 'a977e322-192c-4567-9f5f-36f504bfc13d', 'f6ffc6f0-c513-449c-bcc7-66505087e4f6', 5, 162.95, '2024-05-09 19:14:55+00', 'Карта'),
    ('2538c351-8610-5afd-b3b0-4264da2c9c9e', '70f22c9f-de0a-41a9-9a53-cabf42688d47', '2c90df73-2310-4499-bd86-701ee38b0974', 4, 196.52, '2024-09-27 13:43:08+00', 'Карта'),
    ('9272255a-f688-5796-9cdc-6db67ededd0d', '4daae871-71ac-44da-8b58-dcf1a2ae907a', 'fa4180fd-2756-4f01-aaa0-aa051c939b1a', 5, 537.50, '2024-08-17 23:02:06+00', 'Карта'),
    ('b7cfa43d-8499-5ea7-8643-ccb29b668f9c', 'e1d62e6a-5427-4dda-8209-bb584bfbc9e5', '65c81bfc-a283-4a14-a8f7-60800963d5b7', 4, 494.64, '2024-07-29 08:54:31+00', 'Наличные'),
    ('1db3ed0a-d758-59c5-80f5-aa00d3f0ebb3', '4daae871-71ac-44da-8b58-dcf1a2ae907a', '121d56e4-dc5b-43c3-8658-d1a00f8cbf76', 2, 91.06, '2024-10-30 19:50:22+00', 'Наличные'),
    ('c27ef328-ed35-5871-b5d0-d5ff4dd7fd29', 'a977e322-192c-4567-9f5f-36f504bfc13d', 'e8c1eb57-f3f2-48ad-b65f-b3cb39617849', 1, 181.28, '2024-05-23 02:48:43+00', 'Карта'),
    ('c58a732f-d4f6-5c17-8ce8-eab4de4bc71a', '0a9a91bf-0fcc-44ac-b3c2-88a33411413a', '8aba3e58-49f7-44f0-9f7b-f8ad1cd570dc', 2, 390.06, '2025-03-01 12:21:12+00', 'QR-код'),
    ('4c450080-b838-578d-922e-5e4e1835e7d3', '166c8a3f-a211-4d25-b2d4-a5b0b5f067d5', '31995494-84d0-4cc8-8765-df869685e234', 1, 75.77, '2024-04-22 23:02:03+00', 'Карта'),
    ('6f29bf15-e7e1-552a-82d0-72da67817564', 'a977e322-192c-4567-9f5f-36f504bfc13d', '836b11ff-ec22-4433-8f72-11ce31d21bd7', 1, 150.16, '2024-05-14 10:18:27+00', 'QR-код'),
    ('3158084b-5d60-5840-975e-725ee1dc19c4', 'dc92a945-80cf-4c86-8927-97026c6e82da', '224cdcde-36ee-45da-9ae5-2588df8f96fb', 4, 274.28, '2024-09-28 02:20:57+00', 'QR-код'),
    ('31c48f88-2bc9-577c-9352-2d1aff5b3736', '166c8a3f-a211-4d25-b2d4-a5b0b5f067d5', '075ac323-7649-44e8-bbff-60cbda965c47', 1, 133.40, '2024-08-24 16:53:01+00', 'Карта'),
    ('b787730a-0168-5824-bb6e-ec39f8decb5d', '89c05e76-6b7e-4d72-b97c-62ecb96b1370', 'e4cb82db-3355-4fef-b410-fab99949cb04', 2, 74.80, '2025-01-02 18:10:06+00', 'Наличные'),
    ('6f2d3c9e-530e-5b21-92e3-fa2140dd40fe', 'a977e322-192c-4567-9f5f-36f504bfc13d', 'f6ffc6f0-c513-449c-bcc7-66505087e4f6', 3, 97.77, '2025-03-17 08:55:05+00', 'Наличные'),
    ('cbe06571-c88c-5392-b122-3883e914ff87', '4daae871-71ac-44da-8b58-dcf1a2ae907a', '121d56e4-dc5b-43c3-8658-d1a00f8cbf76', 4, 182.12, '2024-09-24 05:59:56+00', 'QR-код'),
    ('4b4abc66-fbef-5aa3-bfd1-a41c4c39ebc1', '53e2ec2e-d407-4e9a-a1d9-5a9501e81ede', 'bb2999ed-c6ae-4172-9343-60b1d1b7bd1f', 1, 155.87, '2025-03-30 01:59:16+00', 'QR-код'),
    ('c2d6ee64-226e-5782-961c-59f36547d185', 'dc92a945-80cf-4c86-8927-97026c6e82da', 'c3737840-6332-4bc6-b5bc-80f92f074f58', 1, 124.51, '2024-08-07 12:40:14+00', 'Карта'),
    ('d8e5c644-3bcb-5820-94bd-54eb819e3d16', '7ed68dd4-ef8b-4124-9084-bc16ee8f10d3', 'db33e8df-278c-472c-a45a-c3ddb7374b3a', 5, 361.15, '2024-04-21 18:28:21+00', 'QR-код'),
    ('2a044dff-ad7a-5cd1-b863-40e2e987ffac', '7ed68dd4-ef8b-4124-9084-bc16ee8f10d3', '50c6dd4f-70f2-4ec1-a80c-0fc0069f08c2', 4, 768.56, '2024-07-15 00:37:10+00', 'QR-код'),
    ('dec91108-4691-5023-81ba-556bccc23af2', 'e1d62e6a-5427-4dda-8209-bb584bfbc9e5', '65c81bfc-a283-4a14-a8f7-60800963d5b7', 4, 494.64, '2024-04-15 14:57:32+00', 'Наличные'),
    ('042cd677-a0e2-51ed-9b47-a4bc983dca34', 'e1d62e6a-5427-4dda-8209-bb584bfbc9e5', '1570c922-d706-46a4-bc41-329483be4822', 2, 340.16, '2024-10-02 07:53:11+00', 'Наличные'),
    ('f949f6c0-298d-5244-a769-092c6acd8b2c', '89c05e76-6b7e-4d72-b97c-62ecb96b1370', 'afeeb9f2-2b7c-45c9-a063-b4a0d44dbb48', 5, 789.45, '2024-12-20 23:51:59+00', 'QR-код'),
    ('20e3f40e-bcf1-5762-b6b8-7805804df764', '166c8a3f-a211-4d25-b2d4-a5b0b5f067d5', '3dd6269e-af5b-451b-bd3b-552b73c1751d', 3, 207.09, '2025-02-25 22:16:48+00', 'Карта'),
    ('0bb12e50-4408-58dd-8e04-ead13a10d77a', '89c05e76-6b7e-4d72-b97c-62ecb96b1370', 'e4cb82db-3355-4fef-b410-fab99949cb04', 1, 37.40, '2024-12-28 22:39:16+00', 'QR-код'),
    ('b4755435-68cb-5d92-8c09-0e541f053383', 'dc92a945-80cf-4c86-8927-97026c6e82da', 'c3737840-6332-4bc6-b5bc-80f92f074f58', 4, 498.04, '2024-09-03 16:31:07+00', 'Карта'),
    ('6c8fe4f1-c3b6-5af9-bbab-36e5ca3ef2ec', '0a9a91bf-0fcc-44ac-b3c2-88a33411413a', '8b889b5b-7567-45fa-97c9-09e56237d033', 1, 175.75, '2024-05-02 13:24:24+00', 'QR-код'),
    ('63ac0ee2-2292-56ed-a0a0-42344a76b31f', '0a9a91bf-0fcc-44ac-b3c2-88a33411413a', '8aba3e58-49f7-44f0-9f7b-f8ad1cd570dc', 3, 585.09, '2024-04-23 01:17:06+00', 'Карта'),
    ('539299ac-24b0-5f01-8a22-4d227fd7812d', 'e1d62e6a-5427-4dda-8209-bb584bfbc9e5', '1570c922-d706-46a4-bc41-329483be4822', 5, 850.40, '2024-12-31 14:19:03+00', 'Карта'),
    ('2d000ecf-b485-5d5c-9ae5-c9eeb4df906e', '166c8a3f-a211-4d25-b2d4-a5b0b5f067d5', 'f015385b-be00-4ec9-acbf-2fcf38b9d7fd', 4, 617.84, '2024-09-28 09:21:11+00', 'Наличные'),
    ('56a365d2-9c3e-5520-a0c7-d0b3d232491f', '70f22c9f-de0a-41a9-9a53-cabf42688d47', 'cca932b0-81f0-45a1-9af7-8fe57aa1873e', 1, 161.27, '2025-03-17 12:11:58+00', 'QR-код'),
    ('f75e94be-34a5-54f7-914c-e98d959d562f', '89c05e76-6b7e-4d72-b97c-62ecb96b1370', 'e4cb82db-3355-4fef-b410-fab99949cb04', 5, 187.00, '2025-01-28 02:51:53+00', 'Карта'),
    ('099244d6-79af-500d-a6ba-2d675aa8c3da', '7ed68dd4-ef8b-4124-9084-bc16ee8f10d3', 'db33e8df-278c-472c-a45a-c3ddb7374b3a', 5, 361.15, '2024-06-14 14:31:03+00', 'QR-код'),
    ('1910c645-677f-54ec-b384-7cd07669ca06', '53e2ec2e-d407-4e9a-a1d9-5a9501e81ede', '1dd986b1-4f40-4db2-9dfe-5c1565cfd754', 1, 143.78, '2024-09-27 05:13:26+00', 'Карта'),
    ('dfa17809-bc4b-56e1-b8e0-25e682ff0c6e', 'dc92a945-80cf-4c86-8927-97026c6e82da', 'd27ea808-ee98-4fd0-b867-b5a4a0576c68', 3, 486.69, '2024-10-06 07:30:51+00', 'Карта'),
    ('13bcfada-a22a-5744-925b-5848a3bc7fa5', 'e1d62e6a-5427-4dda-8209-bb584bfbc9e5', '5da14b84-a68f-488d-9e1e-e1ca615fb0d8', 2, 345.72, '2024-12-05 04:45:59+00', 'Карта'),
    ('d6617a8b-11fd-593f-8504-afc1f14125cc', '89c05e76-6b7e-4d72-b97c-62ecb96b1370', 'e9aa2886-0ba0-4b7a-96dc-078855f99872', 1, 139.55, '2025-01-04 10:53:23+00', 'QR-код'),
    ('feb5371a-9e2f-59cf-af94-51366b2574f2', '7ed68dd4-ef8b-4124-9084-bc16ee8f10d3', '50c6dd4f-70f2-4ec1-a80c-0fc0069f08c2', 2, 384.28, '2024-08-21 19:39:48+00', 'Карта'),
    ('c15d0b7b-42f0-58ae-b6be-8aac7d9ca6b4', '166c8a3f-a211-4d25-b2d4-a5b0b5f067d5', '31995494-84d0-4cc8-8765-df869685e234', 3, 227.31, '2024-05-20 20:50:17+00', 'QR-код'),
    ('83a17f41-ed55-524c-b718-9e87d08f39b9', '89c05e76-6b7e-4d72-b97c-62ecb96b1370', 'e4cb82db-3355-4fef-b410-fab99949cb04', 3, 112.20, '2025-02-22 11:06:44+00', 'Наличные'),
    ('294d8797-7768-5de3-abf9-7967fa9062b1', 'a977e322-192c-4567-9f5f-36f504bfc13d', '836b11ff-ec22-4433-8f72-11ce31d21bd7', 4, 600.64, '2024-06-05 03:20:55+00', 'QR-код'),
    ('4da6be26-e6a5-5f12-b7e8-3fcd69e90204', '53e2ec2e-d407-4e9a-a1d9-5a9501e81ede', '1dd986b1-4f40-4db2-9dfe-5c1565cfd754', 4, 575.12, '2025-01-28 19:47:23+00', 'QR-код'),
    ('6db76df1-1301-5b4e-a6ff-b2035bc36c90', 'e1d62e6a-5427-4dda-8209-bb584bfbc9e5', '65c81bfc-a283-4a14-a8f7-60800963d5b7', 1, 123.66, '2025-02-09 12:09:11+00', 'Наличные'),
    ('48925d82-2a3b-5c3f-8392-1d3eed283dc9', '166c8a3f-a211-4d25-b2d4-a5b0b5f067d5', '31995494-84d0-4cc8-8765-df869685e234', 3, 227.31, '2024-04-21 01:46:42+00', 'Карта'),
    ('5375f9b5-351a-51ac-ad7d-e10eb9d4e4d3', '4daae871-71ac-44da-8b58-dcf1a2ae907a', '121d56e4-dc5b-43c3-8658-d1a00f8cbf76', 2, 91.06, '2024-10-21 18:07:12+00', 'Карта'),
    ('2a3e7f9a-72db-535a-8612-d9218a4c4edd', '70f22c9f-de0a-41a9-9a53-cabf42688d47', '2c90df73-2310-4499-bd86-701ee38b0974', 3, 147.39, '2024-10-28 04:10:08+00', 'QR-код'),
    ('37ff5af6-8d20-5e32-8d37-2e3c1b11bc44', '70f22c9f-de0a-41a9-9a53-cabf42688d47', '4b5016ea-81a5-4ba4-97c2-5ff98123bac3', 2, 163.36, '2024-10-16 23:37:32+00', 'QR-код'),
    ('53376f07-d84b-5af7-96ef-4c67c7529cc0', 'dc92a945-80cf-4c86-8927-97026c6e82da', '224cdcde-36ee-45da-9ae5-2588df8f96fb', 4, 274.28, '2024-06-22 13:17:30+00', 'Наличные'),
    ('81403393-3213-519d-b736-4fcae6841ab9', '70f22c9f-de0a-41a9-9a53-cabf42688d47', '2c90df73-2310-4499-bd86-701ee38b0974', 5, 245.65, '2024-07-20 14:47:19+00', 'QR-код'),
    ('156be593-737a-5ea4-91d6-ee065619cb92', 'a977e322-192c-4567-9f5f-36f504bfc13d', '3f9de4b4-8188-4bd9-8a98-55c4b27af3a9', 4, 317.92, '2024-05-16 02:51:44+00', 'QR-код'),
    ('54e7cd21-c8a1-5bab-a0aa-5976ee4d1bb5', '166c8a3f-a211-4d25-b2d4-a5b0b5f067d5', '075ac323-7649-44e8-bbff-60cbda965c47', 5, 667.00, '2025-02-14 21:23:05+00', 'Карта'),
    ('9b311056-3908-5732-9bb0-55e8e4141678', '166c8a3f-a211-4d25-b2d4-a5b0b5f067d5', '31995494-84d0-4cc8-8765-df869685e234', 2, 151.54, '2025-01-28 07:41:10+00', 'Наличные'),
    ('ab379b30-d1b8-52d9-b475-c5c127b64557', '70f22c9f-de0a-41a9-9a53-cabf42688d47', '069d1026-82b5-4365-8481-1b38fe50307c', 5, 526.00, '2024-12-31 17:12:56+00', 'Карта'),
    ('d2c95613-4aa5-5387-8e18-b043c82c3d4c', 'e1d62e6a-5427-4dda-8209-bb584bfbc9e5', 'acdfa29d-f642-4ba7-939a-0c8262ff7c41', 5, 247.65, '2024-09-24 19:08:53+00', 'Карта'),
    ('0e897418-d271-5fc2-be5c-564de0bbef98', 'dc92a945-80cf-4c86-8927-97026c6e82da', 'c3737840-6332-4bc6-b5bc-80f92f074f58', 3, 373.53, '2024-11-09 08:41:20+00', 'QR-код'),
    ('ab7fea4c-6e35-505e-bd6b-6d16a1141921', 'a977e322-192c-4567-9f5f-36f504bfc13d', '836b11ff-ec22-4433-8f72-11ce31d21bd7', 3, 450.48, '2024-08-23 05:28:15+00', 'Наличные'),
    ('7d8964e1-9972-5918-8a3a-68e8a35f25e0', '89c05e76-6b7e-4d72-b97c-62ecb96b1370', 'e9aa2886-0ba0-4b7a-96dc-078855f99872', 1, 139.55, '2025-03-23 22:25:32+00', 'Наличные'),
    ('f8e76884-4bd5-528d-8ead-8a293b8cb607', '70f22c9f-de0a-41a9-9a53-cabf42688d47', '4b5016ea-81a5-4ba4-97c2-5ff98123bac3', 5, 408.40, '2024-10-15 17:59:35+00', 'Наличные'),
    ('64cb23ca-72b7-51ca-9b67-006f6bdc8edb', '7ed68dd4-ef8b-4124-9084-bc16ee8f10d3', '50c6dd4f-70f2-4ec1-a80c-0fc0069f08c2', 5, 960.70, '2024-12-08 17:52:07+00', 'QR-код'),
    ('e8497ced-167f-526d-8214-1789eb0183db', 'dc92a945-80cf-4c86-8927-97026c6e82da', 'd27ea808-ee98-4fd0-b867-b5a4a0576c68', 4, 648.92, '2025-03-09 19:24:05+00', 'QR-код'),
    ('04379ce6-7dc8-578a-befd-2c8c06bfe172', '89c05e76-6b7e-4d72-b97c-62ecb96b1370', 'afeeb9f2-2b7c-45c9-a063-b4a0d44dbb48', 4, 631.56, '2024-11-25 20:24:50+00', 'Карта'),
    ('842c065d-26af-5ebd-a180-ab79a0d6f2eb', '0a9a91bf-0fcc-44ac-b3c2-88a33411413a', '341529cf-dffb-4813-9c77-76f39f4445c7', 5, 907.45, '2024-12-10 16:22:06+00', 'Карта'),
    ('6fe9e566-7ccf-5606-a85f-b83447eab8b9', '53e2ec2e-d407-4e9a-a1d9-5a9501e81ede', 'bb2999ed-c6ae-4172-9343-60b1d1b7bd1f', 2, 311.74, '2024-07-31 23:44:44+00', 'Наличные'),
    ('1686d5a7-b952-5f80-9214-c4c929f7cd52', '89c05e76-6b7e-4d72-b97c-62ecb96b1370', 'e4cb82db-3355-4fef-b410-fab99949cb04', 1, 37.40, '2025-02-18 08:51:28+00', 'QR-код'),
    ('dd974815-bdf3-5735-8a08-fbbdd5529b62', '53e2ec2e-d407-4e9a-a1d9-5a9501e81ede', '396555b4-40d3-4917-9af1-2f43ba499d89', 4, 129.72, '2025-01-13 05:18:56+00', 'Карта'),
    ('ab4d3cd8-6ae1-5f35-a6bf-26ee6ad721a3', '70f22c9f-de0a-41a9-9a53-cabf42688d47', '140d8dfd-14d6-46bd-a8a0-845d54d3df3e', 2, 191.58, '2025-03-28 20:39:06+00', 'Карта'),
    ('8dff4bd1-1417-59d7-a092-ade702fe93d4', 'dc92a945-80cf-4c86-8927-97026c6e82da', '224cdcde-36ee-45da-9ae5-2588df8f96fb', 3, 205.71, '2024-08-27 09:30:57+00', 'Наличные'),
    ('ee05fe4c-667e-5a62-807a-967e2fbfcbf7', '53e2ec2e-d407-4e9a-a1d9-5a9501e81ede', '1dd986b1-4f40-4db2-9dfe-5c1565cfd754', 5, 718.90, '2024-10-12 08:11:21+00', 'Наличные'),
    ('bd998c66-387e-5672-8eff-2a3b4e08d9e3', '89c05e76-6b7e-4d72-b97c-62ecb96b1370', '8a12f87f-7b45-4a03-bc7a-69e5fbccbc5a', 4, 326.96, '2024-09-06 10:54:44+00', 'Наличные'),
    ('ab26d4e4-ed85-537e-8a56-9032b2148c5c', '70f22c9f-de0a-41a9-9a53-cabf42688d47', '4b5016ea-81a5-4ba4-97c2-5ff98123bac3', 1, 81.68, '2024-06-16 04:10:11+00', 'Карта'),
    ('d1c9d00b-59fe-5441-bb77-10596438dac5', 'dc92a945-80cf-4c86-8927-97026c6e82da', 'c3737840-6332-4bc6-b5bc-80f92f074f58', 3, 373.53, '2024-06-18 14:58:25+00', 'Наличные'),
    ('8224052f-312f-597d-b5f3-a299c4f53637', 'a977e322-192c-4567-9f5f-36f504bfc13d', '3f9de4b4-8188-4bd9-8a98-55c4b27af3a9', 4, 317.92, '2024-08-15 15:31:43+00', 'Карта'),
    ('012fc2f1-2ea6-5d9d-8dee-5a3cc0c27c01', '70f22c9f-de0a-41a9-9a53-cabf42688d47', '069d1026-82b5-4365-8481-1b38fe50307c', 4, 420.80, '2024-10-29 19:13:41+00', 'QR-код'),
    ('20d2feae-4bed-5ac7-9640-e1c433ae0008', '0a9a91bf-0fcc-44ac-b3c2-88a33411413a', '341529cf-dffb-4813-9c77-76f39f4445c7', 3, 544.47, '2024-06-07 03:48:28+00', 'Карта'),
    ('f09d5449-199f-59b8-a8ac-8a5019dec3e6', '0a9a91bf-0fcc-44ac-b3c2-88a33411413a', '341529cf-dffb-4813-9c77-76f39f4445c7', 5, 907.45, '2024-04-19 00:54:32+00', 'Карта'),
    ('efccce95-6a71-5ea5-b130-8594931f15f6', '89c05e76-6b7e-4d72-b97c-62ecb96b1370', 'e9aa2886-0ba0-4b7a-96dc-078855f99872', 4, 558.20, '2024-09-28 17:54:45+00', 'QR-код'),
    ('e83b98bd-8009-5c75-a1de-41c3f95e5733', '0a9a91bf-0fcc-44ac-b3c2-88a33411413a', '8b889b5b-7567-45fa-97c9-09e56237d033', 3, 527.25, '2024-06-26 02:37:21+00', 'QR-код'),
    ('b9b82206-d2aa-5102-a096-f2639fe8236d', 'a977e322-192c-4567-9f5f-36f504bfc13d', 'e8c1eb57-f3f2-48ad-b65f-b3cb39617849', 3, 543.84, '2024-05-07 21:00:02+00', 'QR-код'),
    ('0e6ed343-0892-532d-8d92-4586d9f811ee', 'e1d62e6a-5427-4dda-8209-bb584bfbc9e5', '2efef2da-8a8c-4d2f-bfea-0816d6b67303', 3, 599.49, '2024-08-12 04:22:55+00', 'Наличные'),
    ('08f30f7d-75f5-59a5-9517-2874bbc9068b', '166c8a3f-a211-4d25-b2d4-a5b0b5f067d5', '31995494-84d0-4cc8-8765-df869685e234', 1, 75.77, '2024-11-05 08:17:02+00', 'Карта'),
    ('2ce0acb6-4bef-574d-9ddb-3ffbef3b3f9b', '4daae871-71ac-44da-8b58-dcf1a2ae907a', 'b4f5fdc1-498b-4830-bb04-c3625a94d146', 4, 717.20, '2024-10-21 17:18:19+00', 'QR-код'),
    ('0520ea11-1ab7-5e68-b25c-ab96834b3523', '89c05e76-6b7e-4d72-b97c-62ecb96b1370', '2d79e75e-c6b8-4138-8c0c-403325bf6944', 4, 374.36, '2025-03-19 07:08:17+00', 'Карта'),
    ('0a4b6a3d-38bf-5f59-8b9a-28e807c26653', '53e2ec2e-d407-4e9a-a1d9-5a9501e81ede', '5f1e4f5c-553b-4053-a26e-ed899ccfa7e0', 5, 445.90, '2024-11-07 17:31:26+00', 'Карта'),
    ('51e3882e-3d42-515e-a4d1-7a281ba81f05', '53e2ec2e-d407-4e9a-a1d9-5a9501e81ede', '1dd986b1-4f40-4db2-9dfe-5c1565cfd754', 5, 718.90, '2024-10-21 12:02:45+00', 'QR-код'),
    ('bb0ea34b-5df9-5b36-b3d9-1054ce3647b2', '7ed68dd4-ef8b-4124-9084-bc16ee8f10d3', '50c6dd4f-70f2-4ec1-a80c-0fc0069f08c2', 2, 384.28, '2024-07-19 16:53:14+00', 'QR-код'),
    ('bbda7625-fcb6-5a9c-9fff-4b1f1a08f2c7', '166c8a3f-a211-4d25-b2d4-a5b0b5f067d5', '31995494-84d0-4cc8-8765-df869685e234', 3, 227.31, '2025-02-16 15:07:41+00', 'Карта')
ON CONFLICT (id) DO NOTHING;

INSERT INTO maintenance_records (
    id, machine_id, user_id, service_date, work_description, issues
) VALUES
    ('a36456ca-cbcb-587c-9a03-1de7415cacab', 'a977e322-192c-4567-9f5f-36f504bfc13d', '415d52a4-6131-52d7-bd2b-3f269849ed06', '2024-09-13 16:44:03+00', 'Замена дисплея', 'Зависла сессия оплаты'),
    ('aa142675-f56e-511c-a333-64f59dfc5b54', 'e1d62e6a-5427-4dda-8209-bb584bfbc9e5', '415d52a4-6131-52d7-bd2b-3f269849ed06', '2024-04-25 06:59:08+00', 'Чистка внутренних узлов', 'Проблемы с термобумагой'),
    ('5ba14ca6-e61e-50b5-a384-356ab99f0a2a', '0a9a91bf-0fcc-44ac-b3c2-88a33411413a', '0eb6302f-7bdc-51bc-ac44-802f16e11781', '2024-07-12 19:03:57+00', 'Ремонт купюроприемника', 'Проблемы с термобумагой'),
    ('b8dddc23-5780-5a96-afc1-2b422a41b655', '0a9a91bf-0fcc-44ac-b3c2-88a33411413a', '0eb6302f-7bdc-51bc-ac44-802f16e11781', '2024-04-25 17:14:30+00', 'Загрузка новой товарной матрицы', 'Не закрывается люк обслуживания'),
    ('4badf8f9-a6a7-5dc8-9f54-2cdbd06da4aa', '166c8a3f-a211-4d25-b2d4-a5b0b5f067d5', '415d52a4-6131-52d7-bd2b-3f269849ed06', '2024-06-24 21:04:11+00', 'Замена модема', 'Не закрывается люк обслуживания'),
    ('31df9733-19bb-52db-bdcf-583d88e989c6', '4daae871-71ac-44da-8b58-dcf1a2ae907a', '0eb6302f-7bdc-51bc-ac44-802f16e11781', '2025-01-01 12:19:45+00', 'Загрузка новой товарной матрицы', 'Зависла сессия оплаты'),
    ('4d838627-e158-5f36-b15d-71a68d16abf9', '70f22c9f-de0a-41a9-9a53-cabf42688d47', '415d52a4-6131-52d7-bd2b-3f269849ed06', '2024-08-10 13:05:26+00', 'Пополнение товара', 'Не закрывается люк обслуживания'),
    ('50b5b5ce-32af-538f-83eb-f9ce9bb7eadf', '53e2ec2e-d407-4e9a-a1d9-5a9501e81ede', '6b0066b9-da14-5e99-8ec7-1ebff3d56c11', '2024-05-24 17:35:03+00', 'Замена дисплея', 'Ошибка дисплея'),
    ('7feb507f-4708-5b54-ad60-14a4b0582e9a', '166c8a3f-a211-4d25-b2d4-a5b0b5f067d5', '415d52a4-6131-52d7-bd2b-3f269849ed06', '2025-03-11 03:33:15+00', 'Настройка сетевого соединения', 'Протечка в отсеке с напитками'),
    ('1a432c41-8933-52db-82da-ed97e348bee4', 'dc92a945-80cf-4c86-8927-97026c6e82da', '0eb6302f-7bdc-51bc-ac44-802f16e11781', '2025-02-15 15:55:11+00', 'Чистка внутренних узлов', 'Сбой системы оплаты'),
    ('e5e3b922-5d5c-5b75-ae8a-d3b4a8e810c9', '166c8a3f-a211-4d25-b2d4-a5b0b5f067d5', '415d52a4-6131-52d7-bd2b-3f269849ed06', '2024-04-22 10:03:38+00', 'Обновление программного обеспечения', 'Зависла сессия оплаты'),
    ('68ed97ef-f4dd-515c-8e2f-1206687b866b', '7ed68dd4-ef8b-4124-9084-bc16ee8f10d3', '0eb6302f-7bdc-51bc-ac44-802f16e11781', '2024-12-24 11:06:11+00', 'Проверка телеметрии', NULL),
    ('4e09ce69-312a-549b-8514-2b44516d5dcf', '166c8a3f-a211-4d25-b2d4-a5b0b5f067d5', '415d52a4-6131-52d7-bd2b-3f269849ed06', '2024-10-04 10:54:28+00', 'Замена дисплея', 'Зависла сессия оплаты'),
    ('4d0399a4-7039-5da3-b00a-8ff5bbdab06a', '89c05e76-6b7e-4d72-b97c-62ecb96b1370', '415d52a4-6131-52d7-bd2b-3f269849ed06', '2025-02-12 12:21:02+00', 'Обновление программного обеспечения', 'Не работает модем'),
    ('0d098364-b099-5646-ae81-79e70bacc0f8', '53e2ec2e-d407-4e9a-a1d9-5a9501e81ede', '6b0066b9-da14-5e99-8ec7-1ebff3d56c11', '2024-06-12 06:45:31+00', 'Настройка сетевого соединения', 'Зависла сессия оплаты'),
    ('e9791859-a226-5cc8-ab39-b7eaa646dfa3', 'e1d62e6a-5427-4dda-8209-bb584bfbc9e5', '415d52a4-6131-52d7-bd2b-3f269849ed06', '2024-08-06 11:59:46+00', 'Перезагрузка системы', 'Не работает модем'),
    ('af8b8743-8cb8-5dd8-bdb4-a4d56bddc5ab', '4daae871-71ac-44da-8b58-dcf1a2ae907a', '0eb6302f-7bdc-51bc-ac44-802f16e11781', '2024-12-19 05:04:37+00', 'Замена модема', NULL),
    ('6d7fa4dc-2079-563a-bfad-21b638f50220', '70f22c9f-de0a-41a9-9a53-cabf42688d47', '415d52a4-6131-52d7-bd2b-3f269849ed06', '2024-11-23 03:36:53+00', 'Обновление программного обеспечения', 'Протечка в отсеке с напитками'),
    ('8ede76ab-f96c-5ba1-869f-b9964b25cea6', '4daae871-71ac-44da-8b58-dcf1a2ae907a', '0eb6302f-7bdc-51bc-ac44-802f16e11781', '2025-03-26 21:18:26+00', 'Пополнение товара', 'Аппарат не выдает товар'),
    ('e94af862-5c86-5d6e-93f6-0a40906fca67', 'a977e322-192c-4567-9f5f-36f504bfc13d', '415d52a4-6131-52d7-bd2b-3f269849ed06', '2025-02-03 02:01:45+00', 'Ремонт купюроприемника', 'Проблемы с термобумагой'),
    ('dfe391e2-c936-5c44-b121-d6c01c74a5b8', '53e2ec2e-d407-4e9a-a1d9-5a9501e81ede', '6b0066b9-da14-5e99-8ec7-1ebff3d56c11', '2024-11-20 11:29:24+00', 'Настройка сетевого соединения', 'Проблемы с термобумагой'),
    ('6bde06c2-eecb-5fe9-8ffa-dde32e8369d3', 'dc92a945-80cf-4c86-8927-97026c6e82da', '0eb6302f-7bdc-51bc-ac44-802f16e11781', '2024-12-17 12:08:29+00', 'Чистка внутренних узлов', 'Не закрывается люк обслуживания'),
    ('52dd6519-8c6c-5fd8-b425-4193a9660c33', 'a977e322-192c-4567-9f5f-36f504bfc13d', '415d52a4-6131-52d7-bd2b-3f269849ed06', '2024-04-20 07:06:13+00', 'Замена дисплея', NULL),
    ('ca1ceb99-0d55-5bef-9b91-c3c316af6675', '53e2ec2e-d407-4e9a-a1d9-5a9501e81ede', '6b0066b9-da14-5e99-8ec7-1ebff3d56c11', '2024-12-28 15:43:20+00', 'Замена дисплея', 'Аппарат не выдает товар'),
    ('81ee9191-dd33-5e26-80c4-bf9e888ef06f', '4daae871-71ac-44da-8b58-dcf1a2ae907a', '0eb6302f-7bdc-51bc-ac44-802f16e11781', '2024-11-17 14:14:57+00', 'Настройка сетевого соединения', 'Не работает модем'),
    ('a543732e-d516-54b4-bf77-02565489c124', 'e1d62e6a-5427-4dda-8209-bb584bfbc9e5', '415d52a4-6131-52d7-bd2b-3f269849ed06', '2024-08-27 00:54:10+00', 'Проверка телеметрии', 'Заклинил монетоприемник'),
    ('540af2a6-29e1-562f-9580-794d98f75ef8', '0a9a91bf-0fcc-44ac-b3c2-88a33411413a', '0eb6302f-7bdc-51bc-ac44-802f16e11781', '2024-09-13 13:21:43+00', 'Замена дисплея', NULL),
    ('d1e8cd37-486e-5b56-9637-d5adb526bed3', '70f22c9f-de0a-41a9-9a53-cabf42688d47', '415d52a4-6131-52d7-bd2b-3f269849ed06', '2025-02-26 20:26:20+00', 'Обновление программного обеспечения', 'Не работает модем'),
    ('c59ac420-4759-5a76-9ed9-0f92907754e4', '4daae871-71ac-44da-8b58-dcf1a2ae907a', '0eb6302f-7bdc-51bc-ac44-802f16e11781', '2024-10-30 15:03:25+00', 'Проверка телеметрии', 'Повреждён корпус'),
    ('2be2b288-64cf-5c5f-b7d3-cca9cb6311fe', '4daae871-71ac-44da-8b58-dcf1a2ae907a', '0eb6302f-7bdc-51bc-ac44-802f16e11781', '2024-09-15 13:49:48+00', 'Пополнение товара', 'Не закрывается люк обслуживания'),
    ('8bc869f0-6008-5eb4-be90-f996c75795b7', '7ed68dd4-ef8b-4124-9084-bc16ee8f10d3', '0eb6302f-7bdc-51bc-ac44-802f16e11781', '2024-09-05 14:35:24+00', 'Загрузка новой товарной матрицы', 'Заклинил монетоприемник'),
    ('85e222fb-64d7-56e5-9b3c-d25418b0ff37', '4daae871-71ac-44da-8b58-dcf1a2ae907a', '0eb6302f-7bdc-51bc-ac44-802f16e11781', '2025-01-19 22:23:28+00', 'Замена модема', 'Заклинил монетоприемник'),
    ('720fc550-3b3d-562b-9298-78e4de4c5ab3', '166c8a3f-a211-4d25-b2d4-a5b0b5f067d5', '415d52a4-6131-52d7-bd2b-3f269849ed06', '2025-02-05 07:02:30+00', 'Проверка телеметрии', 'Проблемы с термобумагой'),
    ('dc5b4d05-aea8-5b45-a50b-63c227195432', '53e2ec2e-d407-4e9a-a1d9-5a9501e81ede', '6b0066b9-da14-5e99-8ec7-1ebff3d56c11', '2024-08-29 18:51:26+00', 'Ремонт купюроприемника', 'Не закрывается люк обслуживания'),
    ('616b09d2-b1c3-5f1d-9d90-2277ca18c61e', '0a9a91bf-0fcc-44ac-b3c2-88a33411413a', '0eb6302f-7bdc-51bc-ac44-802f16e11781', '2024-09-15 23:46:26+00', 'Проверка телеметрии', 'Проблемы с термобумагой'),
    ('33fafa44-cd04-5a04-91e4-f0ebd2d216ad', '4daae871-71ac-44da-8b58-dcf1a2ae907a', '0eb6302f-7bdc-51bc-ac44-802f16e11781', '2024-11-13 16:04:29+00', 'Обновление программного обеспечения', 'Не работает модем'),
    ('1b9a9eb5-b94e-5ea2-a3c6-7478c5227257', '7ed68dd4-ef8b-4124-9084-bc16ee8f10d3', '0eb6302f-7bdc-51bc-ac44-802f16e11781', '2024-06-07 05:39:43+00', 'Загрузка новой товарной матрицы', 'Не закрывается люк обслуживания'),
    ('1069d3d2-37c6-5bd8-859c-825fce4fd70c', '166c8a3f-a211-4d25-b2d4-a5b0b5f067d5', '415d52a4-6131-52d7-bd2b-3f269849ed06', '2024-10-12 17:58:45+00', 'Проверка телеметрии', 'Проблемы с термобумагой'),
    ('60ad1532-b8e4-5413-ace0-fe737067e010', 'dc92a945-80cf-4c86-8927-97026c6e82da', '0eb6302f-7bdc-51bc-ac44-802f16e11781', '2024-08-06 11:20:51+00', 'Пополнение товара', 'Проблемы с термобумагой'),
    ('25920b42-2082-5241-9471-99b141968a4c', 'a977e322-192c-4567-9f5f-36f504bfc13d', '415d52a4-6131-52d7-bd2b-3f269849ed06', '2024-10-13 09:39:53+00', 'Ремонт купюроприемника', 'Не работает модем'),
    ('7ed6a4f3-e301-544e-9a81-060c02485cac', '53e2ec2e-d407-4e9a-a1d9-5a9501e81ede', '6b0066b9-da14-5e99-8ec7-1ebff3d56c11', '2024-09-19 06:27:26+00', 'Замена модема', 'Не работает модем'),
    ('5c944e47-9e86-5204-a594-49b85c4c1f6e', '0a9a91bf-0fcc-44ac-b3c2-88a33411413a', '0eb6302f-7bdc-51bc-ac44-802f16e11781', '2024-11-27 07:34:15+00', 'Перезагрузка системы', 'Сбой системы оплаты'),
    ('8c8f6379-fb98-5be0-b606-04ce0e2544e5', '0a9a91bf-0fcc-44ac-b3c2-88a33411413a', '0eb6302f-7bdc-51bc-ac44-802f16e11781', '2025-03-11 08:15:12+00', 'Чистка внутренних узлов', 'Проблемы с термобумагой'),
    ('1a0210af-5850-55ff-8970-5e628f6a7219', '0a9a91bf-0fcc-44ac-b3c2-88a33411413a', '0eb6302f-7bdc-51bc-ac44-802f16e11781', '2024-04-29 04:35:32+00', 'Обновление программного обеспечения', 'Не работает модем'),
    ('f16d81f4-bf87-5fc7-a51d-fa8c3edb6367', 'dc92a945-80cf-4c86-8927-97026c6e82da', '0eb6302f-7bdc-51bc-ac44-802f16e11781', '2024-08-13 04:23:04+00', 'Перезагрузка системы', 'Ошибка дисплея'),
    ('531f9862-8caf-5a3d-b5e6-a10b6846d5cd', 'dc92a945-80cf-4c86-8927-97026c6e82da', '0eb6302f-7bdc-51bc-ac44-802f16e11781', '2024-10-30 08:19:49+00', 'Чистка внутренних узлов', 'Не работает модем'),
    ('1c3170e1-8d08-5546-9827-96c48d2a6ea5', 'dc92a945-80cf-4c86-8927-97026c6e82da', '0eb6302f-7bdc-51bc-ac44-802f16e11781', '2024-11-30 20:44:39+00', 'Проверка телеметрии', 'Аппарат не выдает товар'),
    ('27f7d2ae-25dd-56ef-9c23-836c1650b6c7', '166c8a3f-a211-4d25-b2d4-a5b0b5f067d5', '415d52a4-6131-52d7-bd2b-3f269849ed06', '2024-10-27 21:59:14+00', 'Чистка внутренних узлов', 'Протечка в отсеке с напитками'),
    ('ca0c1f43-b777-5c3b-b0b8-f65cddfecadf', '166c8a3f-a211-4d25-b2d4-a5b0b5f067d5', '415d52a4-6131-52d7-bd2b-3f269849ed06', '2024-09-29 04:25:59+00', 'Загрузка новой товарной матрицы', 'Не работает модем'),
    ('19181753-1b81-5185-b909-f29227d4539b', 'e1d62e6a-5427-4dda-8209-bb584bfbc9e5', '415d52a4-6131-52d7-bd2b-3f269849ed06', '2024-05-14 06:11:43+00', 'Замена модема', 'Проблемы с термобумагой'),
    ('bf25ba08-c835-50e1-93b2-4d333218bb52', '53e2ec2e-d407-4e9a-a1d9-5a9501e81ede', '6b0066b9-da14-5e99-8ec7-1ebff3d56c11', '2024-09-09 23:34:56+00', 'Обновление программного обеспечения', 'Не закрывается люк обслуживания'),
    ('1eac53e9-0136-5455-a269-0b3c6e3a92cf', '166c8a3f-a211-4d25-b2d4-a5b0b5f067d5', '415d52a4-6131-52d7-bd2b-3f269849ed06', '2024-05-10 03:54:29+00', 'Пополнение товара', 'Зависла сессия оплаты'),
    ('4d7110c8-7011-5194-b098-83d87a122c55', '53e2ec2e-d407-4e9a-a1d9-5a9501e81ede', '6b0066b9-da14-5e99-8ec7-1ebff3d56c11', '2024-12-30 04:34:14+00', 'Ремонт купюроприемника', 'Не работает модем'),
    ('bafdc5f2-2536-52a6-bf71-9700298c1b4e', '0a9a91bf-0fcc-44ac-b3c2-88a33411413a', '0eb6302f-7bdc-51bc-ac44-802f16e11781', '2024-06-10 15:24:20+00', 'Замена модема', 'Сбой системы оплаты'),
    ('677da6af-c09f-5cd5-a55f-b01a89966c48', '53e2ec2e-d407-4e9a-a1d9-5a9501e81ede', '6b0066b9-da14-5e99-8ec7-1ebff3d56c11', '2024-05-24 21:02:58+00', 'Чистка внутренних узлов', 'Сбой системы оплаты'),
    ('25e5d02c-b6f0-5cb5-accb-c212565a03a9', 'dc92a945-80cf-4c86-8927-97026c6e82da', '0eb6302f-7bdc-51bc-ac44-802f16e11781', '2025-01-05 04:19:31+00', 'Обновление программного обеспечения', 'Повреждён корпус'),
    ('1e0ca75c-64be-5fff-aa09-ae32b935c16d', '7ed68dd4-ef8b-4124-9084-bc16ee8f10d3', '0eb6302f-7bdc-51bc-ac44-802f16e11781', '2024-07-28 18:06:17+00', 'Загрузка новой товарной матрицы', 'Аппарат не выдает товар'),
    ('942ba565-26cb-5769-97ab-1b0528b236cb', '166c8a3f-a211-4d25-b2d4-a5b0b5f067d5', '415d52a4-6131-52d7-bd2b-3f269849ed06', '2024-12-25 14:02:09+00', 'Проверка телеметрии', 'Не работает модем'),
    ('1e0271ad-4289-59e0-932f-ed2c0cbcfe4a', '89c05e76-6b7e-4d72-b97c-62ecb96b1370', '415d52a4-6131-52d7-bd2b-3f269849ed06', '2024-08-08 17:56:04+00', 'Пополнение товара', 'Не закрывается люк обслуживания'),
    ('fe5ec7a1-356e-5e29-a2e1-74c0cc424164', '70f22c9f-de0a-41a9-9a53-cabf42688d47', '415d52a4-6131-52d7-bd2b-3f269849ed06', '2025-02-12 06:52:26+00', 'Обновление программного обеспечения', 'Протечка в отсеке с напитками'),
    ('3cf42a4d-935c-5512-9fb2-960e0ca9d90a', '70f22c9f-de0a-41a9-9a53-cabf42688d47', '415d52a4-6131-52d7-bd2b-3f269849ed06', '2025-02-11 23:51:43+00', 'Перезагрузка системы', 'Аппарат не выдает товар'),
    ('49bf44ca-0e6e-5021-9f1e-ad3260852108', 'a977e322-192c-4567-9f5f-36f504bfc13d', '415d52a4-6131-52d7-bd2b-3f269849ed06', '2024-06-11 12:52:12+00', 'Пополнение товара', NULL),
    ('1936b313-fe8c-54b0-9a36-550c7f716b7e', '89c05e76-6b7e-4d72-b97c-62ecb96b1370', '415d52a4-6131-52d7-bd2b-3f269849ed06', '2024-09-22 20:55:20+00', 'Пополнение товара', 'Повреждён корпус'),
    ('85e55ba6-09ce-510a-af2d-376c5b8df0d2', '7ed68dd4-ef8b-4124-9084-bc16ee8f10d3', '0eb6302f-7bdc-51bc-ac44-802f16e11781', '2024-07-13 02:19:59+00', 'Чистка внутренних узлов', 'Не закрывается люк обслуживания'),
    ('65d7ecb0-3496-5adb-b947-1a087fc73847', 'e1d62e6a-5427-4dda-8209-bb584bfbc9e5', '415d52a4-6131-52d7-bd2b-3f269849ed06', '2024-09-20 15:26:23+00', 'Пополнение товара', 'Проблемы с термобумагой'),
    ('41ea399b-9b06-50e4-86be-9f3f2f4f3982', 'dc92a945-80cf-4c86-8927-97026c6e82da', '0eb6302f-7bdc-51bc-ac44-802f16e11781', '2025-02-28 22:34:40+00', 'Чистка внутренних узлов', 'Аппарат не выдает товар'),
    ('5316b1a1-d8a7-582d-a832-061fc701fd15', 'e1d62e6a-5427-4dda-8209-bb584bfbc9e5', '415d52a4-6131-52d7-bd2b-3f269849ed06', '2025-03-03 13:25:16+00', 'Замена модема', 'Аппарат не выдает товар'),
    ('13b338be-c3e0-596c-80d2-26289b1dbff3', '7ed68dd4-ef8b-4124-9084-bc16ee8f10d3', '0eb6302f-7bdc-51bc-ac44-802f16e11781', '2025-01-07 20:34:06+00', 'Загрузка новой товарной матрицы', 'Заклинил монетоприемник'),
    ('49ac04d7-780e-56a5-b716-b0582deb205a', 'e1d62e6a-5427-4dda-8209-bb584bfbc9e5', '415d52a4-6131-52d7-bd2b-3f269849ed06', '2024-08-02 16:44:29+00', 'Пополнение товара', 'Протечка в отсеке с напитками'),
    ('98db10c2-ea74-54f8-9e20-71a9d0cc9460', '7ed68dd4-ef8b-4124-9084-bc16ee8f10d3', '0eb6302f-7bdc-51bc-ac44-802f16e11781', '2024-08-17 13:28:03+00', 'Ремонт купюроприемника', NULL),
    ('b372a5a0-b96b-5f1b-b77b-1d41e86db28e', 'dc92a945-80cf-4c86-8927-97026c6e82da', '0eb6302f-7bdc-51bc-ac44-802f16e11781', '2024-08-14 18:55:24+00', 'Ремонт купюроприемника', 'Ошибка дисплея'),
    ('f209a951-4f0b-5ee9-ac4b-37682434dcad', 'e1d62e6a-5427-4dda-8209-bb584bfbc9e5', '415d52a4-6131-52d7-bd2b-3f269849ed06', '2024-04-14 02:41:18+00', 'Чистка внутренних узлов', 'Заклинил монетоприемник'),
    ('2a8edf2c-1897-5828-9d3e-3013147b99a6', '4daae871-71ac-44da-8b58-dcf1a2ae907a', '0eb6302f-7bdc-51bc-ac44-802f16e11781', '2024-05-09 18:22:27+00', 'Настройка сетевого соединения', 'Аппарат не выдает товар'),
    ('2ec70791-2ec6-5a5b-8953-4445622a478b', 'e1d62e6a-5427-4dda-8209-bb584bfbc9e5', '415d52a4-6131-52d7-bd2b-3f269849ed06', '2024-07-14 20:16:51+00', 'Обновление программного обеспечения', 'Проблемы с термобумагой'),
    ('9b3f0ecd-c4bd-5842-be4b-9557ca921157', 'e1d62e6a-5427-4dda-8209-bb584bfbc9e5', '415d52a4-6131-52d7-bd2b-3f269849ed06', '2024-06-18 01:04:53+00', 'Проверка телеметрии', 'Не работает модем'),
    ('d7257621-8480-5b23-9309-68dbcc7678a6', '70f22c9f-de0a-41a9-9a53-cabf42688d47', '415d52a4-6131-52d7-bd2b-3f269849ed06', '2025-04-10 13:39:19+00', 'Настройка сетевого соединения', 'Повреждён корпус'),
    ('bbb2eff3-a23f-55c0-bd1a-5599ef8508b8', 'e1d62e6a-5427-4dda-8209-bb584bfbc9e5', '415d52a4-6131-52d7-bd2b-3f269849ed06', '2024-08-31 03:27:25+00', 'Замена дисплея', 'Протечка в отсеке с напитками'),
    ('71f5c79d-d764-58d9-8eb4-254fe883388e', '7ed68dd4-ef8b-4124-9084-bc16ee8f10d3', '0eb6302f-7bdc-51bc-ac44-802f16e11781', '2024-07-21 22:14:06+00', 'Перезагрузка системы', 'Аппарат не выдает товар'),
    ('027749d5-5342-56ee-870f-b9266df04ae2', '4daae871-71ac-44da-8b58-dcf1a2ae907a', '0eb6302f-7bdc-51bc-ac44-802f16e11781', '2024-07-19 08:24:08+00', 'Чистка внутренних узлов', 'Аппарат не выдает товар'),
    ('a5853d12-b681-51fe-b1af-aa19632daafa', 'e1d62e6a-5427-4dda-8209-bb584bfbc9e5', '415d52a4-6131-52d7-bd2b-3f269849ed06', '2024-05-31 15:24:35+00', 'Пополнение товара', 'Зависла сессия оплаты'),
    ('1046e34d-cc35-5b45-a649-8a621322463c', '89c05e76-6b7e-4d72-b97c-62ecb96b1370', '415d52a4-6131-52d7-bd2b-3f269849ed06', '2024-12-26 05:59:35+00', 'Ремонт купюроприемника', 'Не закрывается люк обслуживания'),
    ('86d1e615-24ed-5155-9090-53dfe77718b5', '70f22c9f-de0a-41a9-9a53-cabf42688d47', '415d52a4-6131-52d7-bd2b-3f269849ed06', '2025-02-22 22:11:32+00', 'Пополнение товара', NULL),
    ('48e0a552-0d8f-5d44-8825-bad589e137fa', 'a977e322-192c-4567-9f5f-36f504bfc13d', '415d52a4-6131-52d7-bd2b-3f269849ed06', '2025-01-22 18:18:19+00', 'Замена дисплея', 'Ошибка дисплея'),
    ('0a089650-9f1c-54ea-b2f3-9b3d39011b65', '166c8a3f-a211-4d25-b2d4-a5b0b5f067d5', '415d52a4-6131-52d7-bd2b-3f269849ed06', '2024-11-27 19:58:37+00', 'Пополнение товара', 'Заклинил монетоприемник'),
    ('e2b22a19-831a-54ac-b76d-7f232caf5439', 'e1d62e6a-5427-4dda-8209-bb584bfbc9e5', '415d52a4-6131-52d7-bd2b-3f269849ed06', '2024-11-10 18:56:38+00', 'Перезагрузка системы', 'Аппарат не выдает товар'),
    ('34c06af2-1ad4-560e-bad2-7db5cafa2613', 'dc92a945-80cf-4c86-8927-97026c6e82da', '0eb6302f-7bdc-51bc-ac44-802f16e11781', '2024-05-21 16:47:26+00', 'Загрузка новой товарной матрицы', NULL),
    ('f4a8ff2d-4918-5948-bbed-20a4adc1c212', '7ed68dd4-ef8b-4124-9084-bc16ee8f10d3', '0eb6302f-7bdc-51bc-ac44-802f16e11781', '2024-10-11 19:23:45+00', 'Перезагрузка системы', NULL),
    ('180c0016-1ab0-5615-b1e1-be7e3dead755', 'a977e322-192c-4567-9f5f-36f504bfc13d', '415d52a4-6131-52d7-bd2b-3f269849ed06', '2025-02-12 15:53:35+00', 'Ремонт купюроприемника', 'Не работает модем'),
    ('1c7e2f4d-317c-516f-b73c-22c88f02f7ab', '53e2ec2e-d407-4e9a-a1d9-5a9501e81ede', '6b0066b9-da14-5e99-8ec7-1ebff3d56c11', '2024-12-02 14:35:10+00', 'Проверка телеметрии', 'Протечка в отсеке с напитками'),
    ('5147557c-85c9-592c-8899-ed4cedc27700', '53e2ec2e-d407-4e9a-a1d9-5a9501e81ede', '6b0066b9-da14-5e99-8ec7-1ebff3d56c11', '2024-08-02 22:52:50+00', 'Пополнение товара', 'Заклинил монетоприемник'),
    ('d63fdb81-21f6-5bdb-8df0-16ca38f211a6', 'a977e322-192c-4567-9f5f-36f504bfc13d', '415d52a4-6131-52d7-bd2b-3f269849ed06', '2024-09-08 05:50:55+00', 'Загрузка новой товарной матрицы', 'Проблемы с термобумагой'),
    ('bcceaf7b-f0db-50ae-b4fd-afa6f6a70192', '89c05e76-6b7e-4d72-b97c-62ecb96b1370', '415d52a4-6131-52d7-bd2b-3f269849ed06', '2025-02-27 06:44:04+00', 'Замена дисплея', 'Сбой системы оплаты'),
    ('867f80cb-1221-59d7-a09a-343d7b435bdf', '70f22c9f-de0a-41a9-9a53-cabf42688d47', '415d52a4-6131-52d7-bd2b-3f269849ed06', '2024-08-19 01:45:45+00', 'Загрузка новой товарной матрицы', 'Не закрывается люк обслуживания'),
    ('0b7b2fef-375d-5efe-94d9-cd419b26ba2b', '70f22c9f-de0a-41a9-9a53-cabf42688d47', '415d52a4-6131-52d7-bd2b-3f269849ed06', '2024-06-20 05:28:17+00', 'Чистка внутренних узлов', 'Зависла сессия оплаты'),
    ('46bc8768-b8ca-5d01-9488-338575b6158d', '89c05e76-6b7e-4d72-b97c-62ecb96b1370', '415d52a4-6131-52d7-bd2b-3f269849ed06', '2025-01-19 03:51:12+00', 'Проверка телеметрии', 'Сбой системы оплаты'),
    ('c199204e-7590-560d-a580-9d11506b0cc1', '70f22c9f-de0a-41a9-9a53-cabf42688d47', '415d52a4-6131-52d7-bd2b-3f269849ed06', '2025-01-01 16:27:16+00', 'Замена модема', 'Протечка в отсеке с напитками'),
    ('6e060bef-01d2-582e-ab6f-45b9bbf3d427', '89c05e76-6b7e-4d72-b97c-62ecb96b1370', '415d52a4-6131-52d7-bd2b-3f269849ed06', '2024-12-10 11:30:28+00', 'Загрузка новой товарной матрицы', 'Заклинил монетоприемник'),
    ('01bec607-fe58-51c7-8440-3c8ba4d1ee54', 'dc92a945-80cf-4c86-8927-97026c6e82da', '0eb6302f-7bdc-51bc-ac44-802f16e11781', '2024-06-04 04:43:00+00', 'Ремонт купюроприемника', 'Зависла сессия оплаты'),
    ('7cf14f4d-2fb1-52c2-816f-0fbcc49f54a6', '0a9a91bf-0fcc-44ac-b3c2-88a33411413a', '0eb6302f-7bdc-51bc-ac44-802f16e11781', '2025-04-08 22:11:17+00', 'Чистка внутренних узлов', 'Повреждён корпус'),
    ('efbf495d-e6a7-50b3-b52d-bb90c21f2f73', '7ed68dd4-ef8b-4124-9084-bc16ee8f10d3', '0eb6302f-7bdc-51bc-ac44-802f16e11781', '2024-04-23 11:05:21+00', 'Загрузка новой товарной матрицы', 'Зависла сессия оплаты')
ON CONFLICT (id) DO NOTHING;

SELECT setval(pg_get_serial_sequence('roles', 'id'), COALESCE((SELECT MAX(id) FROM roles), 1), TRUE);
SELECT setval(pg_get_serial_sequence('machine_statuses', 'id'), COALESCE((SELECT MAX(id) FROM machine_statuses), 1), TRUE);
SELECT setval(pg_get_serial_sequence('machine_models', 'id'), COALESCE((SELECT MAX(id) FROM machine_models), 1), TRUE);
SELECT setval(pg_get_serial_sequence('modems', 'id'), COALESCE((SELECT MAX(id) FROM modems), 1), TRUE);
SELECT setval(pg_get_serial_sequence('product_matrices', 'id'), COALESCE((SELECT MAX(id) FROM product_matrices), 1), TRUE);
SELECT setval(pg_get_serial_sequence('critical_value_templates', 'id'), COALESCE((SELECT MAX(id) FROM critical_value_templates), 1), TRUE);
SELECT setval(pg_get_serial_sequence('notification_templates', 'id'), COALESCE((SELECT MAX(id) FROM notification_templates), 1), TRUE);

COMMIT;
